ID;BiomassFinL1;0,4934L2;0,4375L3;0,5457L4;0,4711L5;0,6188L6;0,2542L7;0,3575L8;0,7644L9;0,4899L10;0,436L11;1,1416L12;0,836L13;0,4868L14;0,3051L15;0,5696L16;0,5836L17;0,2092L18;0,3604L19;0,5339L20;0,5128L21;0,4759L22;0,3673L23;0,188L24;0,2117L25;0,5305L26;0,5223L27;0,3042L28;0,4362L29;0,3436L30;0,1592A1;0,3492A2;0,6494A3;0,4422A4;0,3029A5;0,3956A6;0,4657A7;0,384A8;0,7744A9;0,5636A10;0,7589A11;0,93A12;0,4535A13;0,222A14;0,5569A15;0,5495A16;0,3463A17;0,8035A18;0,8844A19;0,7782A20;0,423A21;0,5557A22;0,4471A23;0,2663A24;0,573A25;0,6757A26;0,6033A27;0,6939A28;0,4892A29;0,8318A30;0,9564M1;0,4474M2;0,5921M3;0,319M4;0,9837M5;0,4951M6;0,7525M7;0,3698M8;0,6433M9;0,7083M10;0,7733M11;0,6897M12;0,8965M13;0,3105M14;0,3076M15;0,6275M16;0,6693M17;0,7528M18;1,15M19;0,2218M20;0,6271M21;0,7906M22;0,7779M23;0,6441M24;0,4085M25;0,5244M26;0,6711M27;0,9007M28;0,7207M29;0,7978M30;0,552B1;0,422B2;0,3265B3;0,7627B4;0,5362B5;0,4598B6;0,4945B7;0,4927B8;0,6425B9;0,6255B10;0,7741B11;0,6205B12;0,3772B13;0,8637B14;0,2298B15;0,1312B16;0,1991B17;0,3241B18;0,4587B19;0,4152B20;0,4912B21;0,2503B22;0,4224B23;0,2675B24;0,5798B25;0,1799B26;0,4354B27;0,3892B28;0,4577B29;1,0079B30;0,5592;;;;;;;;;;;;;;;;;;;;;;;;;;;;;;;;;;;;;;;;;;;;;;;;;;;;;;;;;;;;;;;;;;;;;;;;;;;;;;;;;;;;;;;;;;;;;;;;;;;;;;;;;;;;;;;;;;;;;;;;;;;;;;;;;;;;;;;;;;;;;;;;;;;;;;;;;;;;;;;;;;;;;;;;;;;;;;;;;;;;;;;;;;;;;;;;;;;;;;;;;;;;;;;;;;;;;;;;;;;;;;;;;;;;;;;;;;;;;;;;;;;;;;;;;;;;;;;;;;;;;;;;;;;;;;;;;;;;;;;;;;;;;;;;;;;;;;;;;;;;;;;;;;;;;;;;;;;;;;;;;;;;;;;;;;;;;;;;;;;;;;;;;;;;;;;;;;;;;;;;;;;;;;;;;;;;;;;;;;;;;;;;;;;;;;;;;;;;;;;;;;;;;;;;;;;;;;;;;;;;;;;;;;;;;;;;;;;;;;;;;;;;;;;;;;;;;;;;;;;;;;;;;;;;;;;;;;;;;;;;;;;;;;;;;;;;;;;;;;;;;;;;;;;;;;;;;;;;;;;;;;;;;;;;;;;;;;;;;;;;;;;;;;;;;;;;;;;;;;;;;;;;;;;;;;;;;;;;;;;;;;;;;;;;;;;;;;;;;;;;;;;;;;;;;;;;;;;;;;;;;;;;;;;;;;;;;;;;;;;;;;;;;;;;;;;;;;;;;;;;;;;;;;;;;;;;;;;;;;;;;;;;;;;;;;;;;;;;;;;;;;;;;;;;;;;;;;;;;;;;;;;;;;;;;;;;;;;;;;;;;;;;;;;;;;;;;;;;;;;;;;;;;;;;;;;;;;;;;;;;;;;;;;;;;;;;;;;;;;;;;;;;;;;;;;;;;;;;;;;;;;;;;;;;;;;;;;;;;;;;;;;;;;;;;;;;;;;;;;;;;;;;;;;;;;;;;;;;;;;